{
  "version": "1.0",
  "defaultProvider": "cdnjs",
  "libraries": [
    {
      "library": "bootstrap@5.1.1",
      "destination": "wwwroot/lib/bootstrap/",
      "files": [
        "js/bootstrap.min.js",
        "js/bootstrap.bundle.js",
        "js/bootstrap.bundle.js.map",
        "js/bootstrap.bundle.min.js",
        "js/bootstrap.bundle.min.js.map",
        "js/bootstrap.min.js.map",
        "css/bootstrap.css",
        "css/bootstrap.css.map",
        "css/bootstrap.min.css",
        "css/bootstrap.min.css.map"
      ]
    },
    {
      "library": "jquery@3.6.0",
      "destination": "wwwroot/lib/jquery/",
      "files": [
        "jquery.min.js",
        "jquery.js",
        "jquery.min.map"
      ]
    },
    {
      "library": "jquery-validate@1.19.3",
      "destination": "wwwroot/lib/jquery-validate/",
      "files": [
        "jquery.validate.min.js",
        "additional-methods.js",
        "additional-methods.min.js",
        "jquery.validate.js"
      ]
    },
    {
      "library": "jquery-validation-unobtrusive@3.2.12",
      "destination": "wwwroot/lib/jquery-validation-unobtrusive/",
      "files": [
        "jquery.validate.unobtrusive.js",
        "jquery.validate.unobtrusive.min.js"
      ]
    }
  ]
}