{
  "version": "1.0",
  "defaultProvider": "cdnjs",
  "libraries": [
    {
      "provider": "cdnjs",
      "library": "bootstrap@5.2.1",
      "destination": "wwwroot/lib/bootstrap/",
      "files": [
        "js/bootstrap.js",
        "js/bootstrap.min.js",
        "js/bootstrap.bundle.js",
        "js/bootstrap.bundle.min.js",
        "css/bootstrap.css",
        "css/bootstrap.min.css"
      ]
    },
    {
      "provider": "cdnjs",
      "library": "jquery@3.6.1",
      "destination": "wwwroot/lib/jquery/"
    },
    {
      "library": "jquery-validate@1.19.3",
      "destination": "wwwroot/lib/jquery-validate/",
      "files": [
        "jquery.validate.min.js",
        "additional-methods.js",
        "additional-methods.min.js",
        "jquery.validate.js"
      ]
    },
    {
      "library": "jquery-validation-unobtrusive@3.2.12",
      "destination": "wwwroot/lib/jquery-validation-unobtrusive/",
      "files": [
        "jquery.validate.unobtrusive.min.js"
      ]
    }
  ]
}